,comment
0, 
1,黑泽 
2,回复@寇乃馨:辣鸡 
3,回复@张庭:垃圾 
4,回复@苏芒:辣鸡 
5,回复@黄晓明:垃圾 
6,回复@嘉桦ella:辣鸡 
7,回复@乔欣Bridgette:垃圾 
8,回复@李治廷:辣鸡 
9,回复@张歆艺:不知道你祝福个啥？ 
10,以后就是日本人了， 
11,。。。。。这男的怎么长得好像av里的男人，，，，，，油腻猥琐 
12,回复@焦传洋:东京开始热了 
13,回复@决堤怎么提:你们怎么能这么说呢，让我们一起期待在剧情区看见她好吗？ 
14,和日本人…… 
15,期待志玲野结衣出道。 
16,日本明星来中国蹭饭？滚蛋 
17,敢不敢发一个南京大屠杀 
18,黑泽倭寇 
19,有人p你的图，他把你老公p成了他自己，而且他还好ex，微博名
20,跟着去拜一拜靖国神社 
21,黑泽志玲 
22,以你为耻 
23,回复@偶然的强:好的 
24,回复@焦传洋:下次要叫老师 
25,别来中国圈钱了谢谢 别来了 
26,不知道从什么时候开始粉上了你，也应该是时候粉转路了。别过。 
27,祝福你 
28,中国有句老话，嫁鸡随鸡，嫁狗随狗，你嫁日本人，请你去日本发展！谢谢，毕竟你也不是招赘婿！ 
29,滚出中国。 
30,这谁受得了啊 
31,嫁条狗我还稍微看得起你 
32,虽然你结婚了，在我心里你永远都是我的女神 
33,日本娘们 
34,黑泽志玲 
35,望阁下不要来中国圈钱了，在日本好好待着吧 
36,回复@舒淇:你让南京的兄弟怎么想？ 
37,回复@舒淇:志玲，过去了那边我们等你拍的片 
38,回复@Khundy先生:你个键盘侠，人家朋友间开个玩笑跟你有毛关系 
39,不脱粉算我输 
40,回复@IOGRBES:恭喜你地狱有了你的位置 
41,回复@张庭:@亮哥2936: 回复@御灬天:不管怎么说她嫁了日本人她在中国的粉丝基本没有了，还想在中国发展是不可能了，爱不爱国先不说，嫁日本人在中国来说大部分接受不了不对吗？尤其是公众人物 
42,回复@苏芒:这层的杠精们，您是有多爱国啊，嘴上说着勿忘国耻，等到真的打起仗来了有几个会冲锋陷阵？都9102年了还保存着那种思想，人家就算嫁日本人也不嫁你们，你们管那么宽干嘛 
43,回复@画梦飞翔:不要爱国捆绑谢谢，看您这年龄也不大了，怎么就没点脑子呢 
44,回复@一如容遇:哈哈哈笑死我了 
45,呵呵 
46,回复@决堤怎么提:林志玲跟日本人结婚是你的自由，可这样的明星我们也可以不喜欢。 
47,林志玲的这份爱情挚言，就像豪迈的爱情宣言！它让人们看到了爱情的美好和力量！它让人们更加相信爱情了！——其实，爱情不管你相不相信，它都会来！你不相信它，但它会让你相信！所以，不能让你相信的爱情，那不是爱情！ #爱情# #那些嫁给爱情的样子# #爱# #幸福# #相伴# #美好爱情# #嫁给爱情# 
48,回复@张歆艺:二姐鸦 
49,认真的吗姐姐 
50,恭喜志玲姐姐！新婚快樂！ 
51,2019中国人民的中秋节，全国人民不要日本🇯🇵🐶 
52,女神要幸福 
53,美女与野兽，自甘堕落。 
54,恭喜 
55,回复@方歪歪-: 
56,回复@IOGRBES:慎言 
57,离婚了吗 
58,恭喜恭喜一定要幸福 
59,忘了南京大屠杀了，日本人怎么杀害中国人的，杀害孕妇，小孩，丧尽天良，讨厌日本人，超级反感，你这么美怎么能嫁给日本人 
60,回复@小裁缝马文文:黑泽志玲把骂的都删了，可牛逼了！！！ 
61,回复@舒淇:你也要抓紧喽 
62,回复@都市丽人时尚内衣:你好没牌面啊哈哈哈哈哈哈哈哈哈哈哈哈 
63,志玲姐姐！中秋晚会真的会和Akira一起来么？很期待你们！！！ 
64,回复@Jin_bo_shi:看看那个门没管 
65,希望在国产区看见黑泽老师 
66,日本人会玩sm变态，这下有多了一个波多野结衣，什么时候出片 
67,回复@雪景里de梅花:日本人很变态的，女神是找刺激去了，大家理解理解。 
68,回复@决堤怎么提:可能人家本来就是日本种，必竟被统治了50年，该回去享受变态的快乐了。 
69,回复@昼伏小朋友:跟日本是政治问题吗？你是已经忘了他们侵华所犯下的罪了么？ 
70, 
71,回复@舒淇:拍片的祝福正在去拍片的 
72,虽然我的祝福迟到了，但祝福是永远的！ 
73,我还是忍不了 
74,回复@舒淇:滚出中国🇨🇳 
75,回复@迷宫81426:日本已经为侵略付出了代价。 
76,回复@TST活酵母全国总代-阿宝:早点破产 
77,回复@野性2552:你也算是个人 
78,回复@舒淇:就当是去练技术了 
79,回复@AK項小康:言承旭哭着说，要记得回来，就当你去练技术了 
80,回复@pygmalion-X:日本人怎么了，你还活在侵华嘛？ 
81,南京30万冤魂！ 
82,可耻！ 
83,回复@舒淇:我到现在都一直相信爱情。可我不明白志玲姐，为什么要嫁给一个日本人，我不想再喜欢你了@林志玲 
84,回复@舒淇:滚蛋黑泽志玲日本人 
85,辣鸡，看到就饶走 
86,回复@景川大叔:啊啊，好突然！ 
87,回复@Forfreelife:你配吗 
88,回复@雪景里de梅花:看来是你看多了 
89,回复@对没错我在等你:是吗 
90,回复@William_____li:封你妹啊 不服你别看呀 
91,回复@决堤怎么提:你滚 
92,回复@萸凉50396:那你滚吧 
93,回复@否极泰来110空荡荡:人家可是抗日女英雄 
94,回复@小蛘子:请你有点吱吱吱迷 
95,回复@苦渡003:人家嫁到日本祝福一下中国就完了?要全都是你这种人才叫完了 
96,回复@冬嫟子:友军 
97,回复@凝望她沉睡的脸:盲目爱国狗 
98,回复@xxxxssssssdddddd:拜托勿忘国耻是叫我们不要忘记以前来努力复兴中国的，难不成是叫我们现在盲目爱过国跟风?就因为一个公众人物嫁到日本就开始骂?说着中国历史你不知道中国自古讲礼仪?日本做的都比中国好!还好意思说，您是小学没毕业吗 
99,以后离婚不要回中国捞金 
100,黑泽志玲您好 
101,回复@乔杉·:一起来祝福这个B 
102,恭喜 
103, 
104,恭喜恭喜 善真美好的人值得一切的美好 
105, 
106,我反对林志玲嫁日本人、好好的中国人为什么嫁日本人 
107,不管是，林志玲还是黑泽志玲，我们都喜欢 
108,志玲姐姐，我想问下日本。人的活儿好不好？ 
109,真斑呸 
110,\ 
111,起来  不愿做奴隶的人们  把我们的血肉  筑成我们新的长城  中华民族到了  最危险的时候  每个人被迫着  发出最后的吼声  起来  起来  起来 我们万众一心  冒着敌人的炮火前进  冒着敌人的炮火前进  前进 前进 进 
112,回复@ZDL朱东林:日本人就是倭寇？爱情不分国界，日本人全都是坏人？ 
113,回复@我为小染上王者:你特么积点口德吧 
114,回复@王可贵:嫁给日本人怎么了？爱情不分国界，特么你还扯到靖国神社，并不是所有日本人都是坏人 
115,回复@愛丄卜該愛:日本对中国是有伤害，这跟别人结婚有什么关系，爱情不分国界 
116,脱粉了哈哈哈 
117,勿忘国耻牢记历史 
118,ｕ 
119,回复@丧逼可爱Ruir:老子目前开的车你这辈子想都不敢想 
120,回复@舒淇:娱乐圈没办法不祝福啊，只能说是口头上的，听到是日本人我想在座的各位都有火吧，得不到别人祝福的婚姻是不会幸福的，看着吧 
121,终于出嫁了 
122,什么人不好嫁嫁给日本人  醉了中国没男人了？ 你不知道日本人来中国杀了多少人？平时看你装的挺像模像样的  人面兽心。 
123,真想呵呵了 
124,为什么要嫁日本  不能接受 
125,回复@柳岩:也希望你早日摆脱那些负面消息，迎来自己的幸福。 
126,99要幸福！！！ 
127,回复@李耀杉:学历不高，好多错字 事-是 还-改 
128,回复@决堤怎么提:厉害了，和周杰伦捐款一样！高手！绝对是高手！周杰伦捐款说自己不是中国人事台湾人，林志玲以前挺喜欢的，听说嫁到日本…感觉有点可惜，毕竟不是听到中国某明星娶她。虽然这么说有点不好，但是对那些还国籍的明星我很反感。成龙大哥出门在外说的最多的事我是中国人🇨🇳，给中国代言，好自为之吧！ 
129,回复@决堤怎么提:其实，志玲姐姐以后会活得很累，每天要防着公公，弟弟，哥哥，邻居，老公的上司，同事，送水的工人，查水表的，修水管的，坐在家都怕突然会闯进好几个光头大汉，出行还不能坐电车。最重要的，是不能当老师了。 
130,回复@道姑美人lxj:田园女权？ 
131,回复@狼王SSC:勿忘国耻是对的，但那些嘴里喊着很讨厌日本，却用着日本产品的人更令人作呕。而且嫁给谁是人家的事儿，你在这儿滴滴叭叭什么。 
132,回复@korea饰品代购批发:好的 
133,祝女神幸福~ 
134,回复@Jin_bo_shi:你还有机会，等三年试试 
135,恭喜恭喜！一直幸福到底！ 
136,选择了让日本金手指背锅，赞一个 
137,回复@决堤怎么提:CCTV这时候该出面受理FS她！ 
138,波多志林 
139,把这个照片男人部分放大，真的恐怖，满脸猥琐 
140,中国沒男人？从此不再关注你任何 
141,能否带着你的爱一起去南京大屠杀纪念馆一游！！！ 
142,无知妇孺说的就是你 家国国耻都给忘了 嫁给日本人 真他妈的丢人 
143,新婚快乐呀 
144,恭喜姐姐 
145,滚出中国吧     黑泽志玲 
146,纳尼 
147,我怎么那么讨厌，中国人找日本人呢…… 
148,希望我也可以等到志玲姐姐的幸福 
149,被别人玩song了，所以找个小ri  ben  背锅，还夸人家ji  yin  hao  ，什么时候出公媳系列？ 
150,回复@叁-零-壹:是歌詞啦 
151,追求幸福没有错，错在你是工作人物 所以把你打入凡尘 
152,我没钱吃饭了，志玲姐姐支援我５００块钱吧 
153,回复@·-_-·:见证七十多年前的历史？ 
154,回复@鄭元暢小綜:哈哈哈 
155,回复@黄晓明:啧 
156,琥珀！ 
157,回复@叶子和大象:槽，你难道忘了日本是什么国家，它对我们的伤害有多少。从古代开始我们就和日本人斗，一直斗到现在从没停止过，你现在和我说爱情来了哪国人有关系吗。 
158,看你嫁给了，日本人，瞬间对你差评，祝你性福 
159,取消关注了 
160,这人长得很有男子气概！希望你是嫁过了 爱情！祝你幸福好运平安！ 
161,尼玛...我还以为是波多野结衣 
162,嫁给日本人，有点不舒服 
163,为什么要嫁给日本人 
164,为什么要嫁给日本人。。为什么要嫁给日本人？？？？？？？？？ 
165,为什么要嫁给日本人？？？？？ 
166,志玲姐姐，绝对是爱情了，相信爱情！ 
167,回复@是Double-T:高德导航一直用林志玲声音，昨天刚给换了 
168,林不知道陪多少大佬睡过，有个人肯接盘就不错了，也只有日本人不在意她的过去 
169,志玲姐姐要幸福哦 
170,回复@U币鼓风机:说的太对了 
171,永远支持神仙姐姐刘亦菲！大是大非面前表现出来的爱国心另某些只顾着圈钱而认贼作父的某岛明星强了不止一万倍！刘亦菲为了爱国可以不嫁给宋承宪那个棒子！我们中国人永远爱她支持她！比某些人强出天际@林志玲 ！！！ 
172,林不知道陪多少大佬睡过，有个人肯接盘就不错了，也只有日本人不在意她的过去 
173,眼神不好吗 
174,既然嫁日本了，就别不要脸的赚中国人钱了好吗？ 
175,回复@狼王SSC:什么年代了，爱情来了哪国人有什么关系？ 
176,回复@半世缠绵丶只为你封心:她俩可以一起拍一个了，现在都是日本国籍 
177,回复@叶子和大象:那有必要嫁给日本人吗。 
178,居然嫁给日本人 
179,你早就該結婚了，記得下輩子嫁給我 
180,这男的长的都不如农村那好老爷们 
181,当真是国内娱乐圈的男人玩够了，换个日本的 
182,请问你知道你代言的海豚家是怎样一个祸害软件吗？人不要为了钱而把良心都丢掉了，那样真让人看不起 
183,回复@小蛘子:女婿，你给我弄他 
184,回复@舒淇:三级皇后娘娘 
185,曰「本人」活好 
186,可能我眼 
187,回复@飞天红猪侠:玩笑   剪辑    节目效果 
188,必须要幸福，爱情总会来， 
189,回复@年华是无效信0823:绿营《自由时报》刊出这样的文章《台日友好！林志玲闪嫁被赞爆 网惊
190,般配 
191,回复@决堤怎么提:勿忘国耻 
192,回复@黄晓明:表白大baby 
193,勿忘国耻 
194,回复@柠檬咖啡2016:你爸都是我孙子。 
195,回复@洪世贤:叔叔你还那么惊讶呢! 
196,简直是丢中国人的脸！ 
197,回复@幂幂--蜜蜂家:希望你能领悟 
198,回复@幂幂--蜜蜂家:领悟 
199,？？？🇨🇳🇨🇳🇨🇳🇨🇳 
200,虽然有很多喷你的 但是我觉得你做的没什么不对的 祝你幸福 
201,回复@焦传洋:婚姻没有国界，难道喜欢一个人就因为他是日本人，然后就不能在一起了？中国人不能嫁日本人了？ 
202,回复@falundafa333:你可拉倒吧别跟我嘴仗！ 
203,回复@falundafa333:那会一样。激进毛线，那是你不知道。我看你爱国不爱国也跟我没关系省得嘴仗！ 
204,一棵好白菜，好像被猪拱了 一样。 要不，考虑我看看，广州荟蕞计算机系统有限公司创始人——李健权 
205,看花样姐姐的时候看到你很期待你的爱情到来 真的很开心你等到了 
206,回复@萌萌哒97532:你太偏激！ 我们中国古代国内很多战争都是自己国人打国人，那么你要不要一辈子仇恨我们中国人？？？ 
207,回复@萌萌哒97532:装逼啦你 你真以为你那么爱国？！我们中国人的尊严很多的都是被你这些人丢脸丢到外国去！ 
208,回复@决堤怎么提:林志玲滚出中国，回你的日本去 
209,年龄大了去日本混AV了？ 
210,说实话志玲姐姐眼光不行啊 
211,回复@张歆艺:日本人，不应该，嫁谁都不能嫁日本人！你们太放肆了！居然还祝福 
212,回复@馬天宇:你要加油 
213,这个事情没有什么对与错，选择的就是最好的 
214,1945年的今天希望你铭记！ 
215,回复@Suuu___H:我也觉得 
216,言承旭哭晕在厕所 
217,志玲:粘你的幸福让我今年遇到他，遇到一个幸福吧 
218,不评论不祝福，只是个人观点不喜欢日本罢了，或许因为历史原因台湾省的人可能对日本没什么感觉，但是我一个内陆的从心底里膈应日本 
219,不明白她为什么要嫁给一个日本人！ 
220,我反对这门亲事 
221,回复@falundafa333:电影在国家面前算个屁！有关国家尊严！ 
222,回复@falundafa333:还善意！日本人杀国人那可是一点善意也没，还残忍至极！你连说话的份都没把！还胳膊肘往外拐，教训国人了？ 
223,回复@falundafa333:你想起来的还多了呢，一个破电影在国家面前算个啥！你傻吧！ 
224,回复@菀鸢·:要的 
225,回复@王可贵:您可劲酸 
226,回复@falundafa333:日本人一辈子仇！洗都洗不干净！记住！脑残！ 
227,回复@没有底裤穿:人家喜欢，非要嫁中国人吗？？自己喜欢就够了 
228,回复@凛冽YQ:我特么，人家嫁给日本人怎么了？自己喜欢是人家的事情，关你们什么事 
229,回复@王昌江0:人家赚的钱一半都拿来做慈善了好吗 
230,回复@决堤怎么提:百分之九十骂志玲姐姐的都是男性。。。。是嫉妒还是怎么・_・?我也是醉了，一群屌丝骂什么 
231,回复@允諾4135:嫁给日本人怎么了？？？ 
232,回复@小萝卜的心:你tm的给我滚 
233,从小到大喜欢了她这么多年  果断的删除 以后只要是带她名字的 一律不看 不认识这个人了 
234,祝福 
235,他是不是在热气球上跟你求婚 
236,终于嫁到日本了 
237,祝幸福 
238,恭喜了呢，姐姐，祝你幸福哦 
239,反正我不会点赞，想不通为什么嫁给日本佬，怎么不大胆去找言承旭。 
240,回复@决堤怎么提:我觉得你们是沙雕吧 
241,偏偏是个日本人！唉 
242,回复@年华是无效信0823:说得好！挺你！哥！ 
243,回复@舒淇:鸭，战战偶像 
244,都可以当你爸了，，大姐，，咋回事啊 
245,才女，你嫁人了，真心祝福你幸福。你一直是我最关注的人，虽然我没有微博，但新闻关注你，现在刚有了可以经常来看看你。 
246,准备离婚率 
247,嫁谁不好，非要嫁日本人 
248,建议去看那些女人，以后再也不看你了 
249,嫁给了倭寇 
250,回复@姚晨:这一层怎么崩了？？？ 
251,期待你在日本拍的动作剧情片子 
252,日本人，滚 
253, 
254,黄渤比他帅 
255,以前就觉得你和波多野结衣长得非常像，但你现在的行为让我怀疑。。你们莫非是亲生姐妹 
256,回复@翻车的萝莉控:滚欧 
257,回复@姚晨:无底线的人 
258,回复@舒淇:只希望她不要流着泪再跑回中国 
259,回复@柳岩:嫁给日本人真心没办法祝福，她的节目很多中国人应该都不会再看 
260,回复@舒淇:中国男人千千万，挣着中国的钱去陪日本人，心塞，没办法再喜欢你了 
261,回复@年华是无效信0823:中国人而已 
262,乱汉分子 
263,回复@小萝卜的心:道出了一个日本女性的可能存在的危险 
264,​​​ 
265,在日本你也不会得到日本国民的尊重，在中国你是个背叛者，在日本你是个外来户 
266,中国男人千千万万，你找我也比找这个强，我哪里都可以比他好。疼你爱你都不会比他差，所以你嫁他我心里还是想不通。你的粉丝，但是竟然嫁了只能祝福你幸福快乐，如果他不好不要不好意思，告诉我 
267,没有结婚典礼的吗 
268,回复@111幽111_59766:你算什么？你是日本人的孙子啊。 
269,回复@111幽111_59766:可能是日本人贿赂你。 
270,回复@沉举:帅 
271,林志玲美吗@RpS苏先生 
272,回复@曾舜晞Joseph:哪他妈都有你，滚边去 
273, 
274,回复@最是那_低头的温柔:你是我儿子 
275,恭喜恭喜 
276,回复@发现美的结构:你管人家那么多 
277,回复@竹韵兰风zhuyunlanfeng:神经病哈哈哈 
278,回复@决堤怎么提:神经病吧你是，这些个人心灵怎么这么扭曲啊不是我说，现在的网络真可怕，和外国人结个婚被骂成这样，，真的牛批，什么闲事都能管，思想封建落后到这种程度，真的是服了，就算思想封建可是你们也没有中国的礼仪廉耻，莫名其妙 
279,祝福女神 
280,以为会嫁给个多金或者帅气的，没想到嫁给了活好短小的日本人 
281,回复@非淡泊无以明志l非宁静无以致远:静香ok么 
282,回复@一颗大珍珠嘿:她们就是见不得别人好，矫情 
283,"回复@weewu:还有你算个什么东西，人家在你心里算女神或者是女匪who cares，please  shut up and go back for your mommy,let her tell you what is respect . "
284,回复@weewu:我喜欢哪一个国家和你有关系吗请问，我不讨厌任何一个国家，不像你们这种只存在于网络上的键盘侠，还有请把嘴巴放干净，如果你讨厌日本，赶快去日本搞个东京大屠杀，我不反对你而且应该会有一群和你一样睿智的人捧你，没有那个本事就悄悄闭嘴，别在网上丢人现眼。 
285,呵呵哒，结婚了啊？别回国捞金了 
286,卖国求荣 
287,6 
288,回复@决堤怎么提:终于看到友军了 
289,Wow 
290,回复@xy花氵原本的气息:小哥哥有故事 
291,民进党的艺人 
292,回复@等我十年娶你:我这么说你啦 还是这么说他了 谁有病 
293,真没有言承旭帅 
294,最帅最和你搭配的言承旭为什么不是你的老公，再也不相信爱情了 
295,美女跟狗离了吗 
296,回复@美好心世界hehe:你有病是吧？ 
297,回复@蔡萌萌的小萌萌:期待东京最热的时候 
298,志玲姐姐永远幸福 
299,恭喜女神!!!!!寻找到真爱🥰 
300,回复@xy花氵原本的气息:这个可以实现 
301,为什么要嫁日本人，这样的话言承旭会好伤心 
302,建议你去看一下金陵十三钗 
303,为何要嫁给日本人呢 
304,一个日本人，你们还粉？国仇家恨，醒醒吧 
305,回复@NotToMatterMen:期待跟波老师同台竞技 
306,回复@奥特曼也怕酸:期待跟波老师同台竞技 
307,回复@蔡萌萌的小萌萌:期待跟波多老师同台竞技。 
308,回复@·-_-·:什么热，什么未亡，什么公公，想象就激动 
309,日寇 
310,爽了吧 
311,说真的长的好猥琐 
312,回复@久弎:666 
313,回复@在回忆里梦你:人家是嫁给爱情，关你屁事？ 
314,回复@决堤怎么提:人家结婚关你们屁事？ 
315,回复@舒淇:林志玲当年应该出演金陵十三钗主角 
316,回复@黄晓明:嗨 
317,回复@柳岩:公众人物，嫁给一个日本人，脑残了，不知道中国和日本世代的仇恨吗？日 
318,日本人 
319,你❤️🐯🐴？ 
320,怎么不发穿和服的照片，敢？ 
321,你不是叫黑泽志玲么 
322,平亿近人 
323,泽 
324,哎，我还以为能跟黄渤在一起呢。 
325,祝贺你，黑泽志玲 
326,回复@宋扬上下心:搞的跟你不是中国人一样 
327,为什么我会不开心？ 
328,黑泽志玲 
329,回复@姚晨:好酸啊 
330,我搞不懂，网上你可是骂声一片，怎么微博里好像没什么骂你的？ 
331,她的眼神里透露出伤感，莫名的不舍不知道有谁读到了 
332,祝福你 
333,台湾人都去祝福吧 
334,回复@馬天宇:女神，恭喜୧(๑•̀⌄•́๑)૭ 
335,祝福你，祝你早日拍av 
336,确定幸福吗 
337,。。 
338,回复@姚晨:呀吗呆 
339,尼玛，日本人 
340,早生贵子，噢噢噢！ 
341,解放台湾的动力没有了，只好去打日本了？ 
342,嫁给一个日本人，是不是没看过金陵十三钗啊？志玲姐姐 
343,回复@的JJD:中毒 
344,真的 以前刚知道林志玲这个女生时 第一感觉是不太喜欢吧 然后慢慢的就越来越了解 越来越觉得 一个女生怎么可以这么好 这么有学识 这么漂亮 身材好好 非常完美了 要一直幸福呐 
345,回复@舒淇:可惜了 
346,回复@寇乃馨:3 
347,回复@舒淇:求种子，我想看！你的 
348,回复@柳岩:什么人跟什么人在一起！你也不选了！ 
349,回复@满军微博:顶住 
350,回复@LYB楠哥:顶住！ 
351,勿忘国耻！ 
352,有夫妻相 
353,回复@埋葬吧爱情-:姐姐不要难过，要相信自己能遇见更好的人。但也不要爱的太深太卑微了。加油 
354,回复@洪世贤:黑泽志玲老来中国干嘛 
355,历史问题那是历史，志玲追求的是爱情，现在是恋爱自由的时代，希望有些键盘爱国憨憨请滚，你们不代表中国 
356,， 
357,最美丽温柔的志玲姐姐一定要幸福哦～祝福你，温柔对待全世界并且知道自己想要什么的你，非常非常值得拥有幸福～ 
358,就你们这样中国未来算是完了。 
359,嫁个日本人就给你们高兴的 
360,什么时候结婚的  不是一个人不混着嘛 
361,让整个中国差不多的少了解放台湾的激情总不会打解放小日本的主意吧，不干了，解放小日本到手是二手货了 
362,回复@NHaloperidolS:噢，我也没怎么啊？奇怪了，我爱国怎么？是辱骂日本人了还是怎样了？扯不过就讲这些？请问您不算多管闲事？希望您也可以认真工作没事少瞎鸡儿担心哦？ 
363,回复@不知道取什么昵称-:猥琐 
364, 
365,回复@冬瓜喜欢小狗狗:今时不同往日；新时代主题是合作与发展，格局是政治多极化，经济是经济全球化，国家支持的是勿忘国耻，振兴中华。不需要瞎鸡儿爱国，国家需要您以热情的心接受对中国友好分子，需要您认真工作，少管闲事，为全面建成小康社会贡献您的一份力量 
366,回复@NHaloperidolS:他们讨不讨厌中国跟我没关系，我只是说素质方面的问题。如果说日本政府不代表日本人民的做派难道当年侵华的时候，市政府把刀架在他们的头上？当年的侵华日军被称为英雄！ 
367,回复@舒淇:强烈建议广电总局，封杀黑泽志玲，赚中国人的钱，然后去日本交税，替日本生孩子，如果中日打战黑泽志玲的孩子还得拿枪打中国人。 
368,回复@尧尧桃花十里:脑残 
369,黑泽志玲 
370,有点小失望，居然嫁给一个日本人 
371,回复@愛丄卜該愛:跟人家结婚有个屁关系。侵略中国的又不是这些人。日本政府不承认你还要和日本全国为敌？ 
372,晕倒，你什么时候结婚了……听见自己心碎的声音 
373,回复@李治廷: 
374,为什么要找日本人 
375,对日本人。。。😞 呵 
376,回复@舒淇:日本人是头猪早知道六千年就炸了日本国家 
377,跌跌撞撞这么多年，辛苦了这么多年，可以遇到属于妳自己的幸福，真心替妳开心。 好好抓住这不容易得到的幸福，组合属于妳的家庭，好好经营你们的未来生活。 停下脚步，好好规划 
378,你不配当中国人。 
379,回复@软软啊rr: 
380,为啥不是言承旭 
381,为啥嫁给日本人 
382,回复@舒淇:对 
383,姐姐我觉得你才是爱国英雄！ 
384,回复@王博文小白:捞一捞小白！ 
385,回复@李龙胜一企业家:？？？谁告诉你别人一定要生孩子了？？结婚就是为了生孩子？你脑子有病吗？ 
386,太好了＾０＾~真心开心，真的祝福 
387,等中国收复台湾，估计她就成了日本人 
388,啥时候来中国捞金 
389,回复@111幽111_59766:日本人给你钱了吗？，你喜欢日本，你滚回日本去啊。 
390,回复@111幽111_59766:谁家的狗呀，链子出来了咬人了。 
391,回复@是Double-T:我一直用郭德纲的 
392,回复@二木兰:别女神了，都不知道多少手货了 
393,回复@柳岩:嫁谁都行别加日本人 
394,是真心讨厌日本人，当年侵犯中国时🇯🇵 🇯🇵 🇯🇵国旗挂满中国的土地，满地都是无辜中国国人的鲜血，南京大屠杀，卢沟桥事变，有日本人的地方就就到处都是恶行，抓的都是中国妇女 ，事实依据无从抵赖。抱歉，脱粉了。 
395,回复@俊熙家二姐:因为曾经的日本带给了中国不可磨灭的伤害，所以不能原谅，为什么八国联军侵华，我们只痛恨日本人？因为日本人对中国造成的伤害真的是太大了，可能你太小，不懂吧 
396,回复@王可贵:可能会吧，我感觉点赞的都是假的 
397,回复@柳岩:什么时候到你呢  柳岩姐姐 
398,恭喜恭喜 
399,回复@决堤怎么提:你好丢人啊 
400, 
401,回复@张歆艺:舅妈来了 
402,回复@weewu:和一个其他国家的人结婚有谁做错了，和日本人结婚怎么了，现在都9102年了，思想还这么封闭，你也就只配当个键盘侠了，你们这种键盘侠的爱国也就只存在于网络上，不要再装了，如果想显示你爱国做点实事不要光在手机上疯狗乱咬人，谢谢。 
403,回复@weewu:助纣为虐，拜托成熟一点吧，眼界开阔一点，遇到一个日本人就喷，当初八国联军侵华英美俄日法德意奥，那你去喷每一个国家去呀，你看见一个人和英国美国，日本人结婚，她们就是叛国了吗 
404,回复@挽手YS:但是她做了。而且很多 
405,会幸福吗，又要和爸爸，弟弟，爷爷，外公，舅舅，姑父，邻居，快递，维修人员，狗，马，猪，羊，牛，蛇，蚯蚓，以后还有儿子， 
406,男的太猥琐，理解不了 
407,回复@San好呀好:我也反对， 
408,我怎么就那么反感，她嫁给日本人呢……难么优秀的女人……可以选择更好的呀 
409,爱与勇气，呵，太搞笑了，耻辱 
410,看了金陵十三钗，特意过来，（脏话） 
411,回复@傅小司11:你有事么 
412,回复@颜昕in:你给的钱吧！ 
413,什么时候出新片子啊？波多野结衣都看你了。下一部就期待你了。 
414,恭喜--为什么要嫁到日本中国男人没先过 
415,嫁给了技术 
416,回复@改个名字好麻烦aaa:我和你奶奶生出来你爸爸就是一个错误，不然怎么有你这个不肖子孙 
417,我们同一天结婚呀 
418,以后别再发微博了，谢谢 
419,微博上没一个骂你的，但是网上全都开骂，真奇怪 
420,阿姨我以为你会嫁给了爱情，或者嫁给了金钱 但是万万没想到的是居然嫁给了技术[/呲牙][/呲牙] 
421,好白菜都让猪🐷 拱了。 
422,请问大哥哪里人啊？   别给中国生敌人才好 
423,不要丢了中国人的脸 
424,想去拍片就说好 
425,四十多岁的老阿姨还相信爱情 
426, 
427,🙄🙄 
428, 
429,回复@pygmalion-X:对 
430,幸福快乐 
431,冯绍峰赵丽颖结婚，林志玲送祝福。林志玲结婚冯绍峰赵丽颖俩夫妇居然没送祝福。 
432,回复@陈昊然:她俩要是能幸福我把地球吃了 
433,祝福祝福 
434,白瞎了 
435,一 
436,字写得真好 
437,是你自己写得 全部简体字 
438,牙买嗲 
439,不喜欢日本人 
440,哎，祝福 
441,回复@雷叔叔D:你这么爱国怎么还在用苹果手机啊 
442,回复@男神灬彬彬:把苹果手机摔了再说话吧 
443,回复@舒淇:台湾和日本结合亲上加亲，都直接做使者了 
444,恭喜，我的女神 
445, 
446,黑泽夫人你好，请问钓鱼岛属于哪个国家的？ 
447,回复@曾舜晞Joseph:你要说  祝福志玲日本姐姐 
448,回复@张歆艺:祝福你日本妈妈去吧 
449,回复@馬天宇:傻玩意 
450,回复@黄晓明:亏你还演过抗战片，做演员越来越无脑了 这就是戏子无情 
451,回复@李治廷:你是不会说中文还是装文采好 
452,回复@决堤怎么提:滚出中国 不要再拍中国视频和电视 
453,回复@舒淇:滚出中国！！！！！！！无耻！！！！！ 
454,回复@hellohalou:是啊 
455,几时离婚呢？ 
456,相貌好配啊
457,回复@决堤怎么提:你先滚出微博8 
458,看到有人骂你我就放心了哈哈哈。 
459,勿忘国耻。 
460,回复@决堤怎么提:作为公众人物，高调嫁到日本，以后她的后代跟中国没有任何关系，还可能成为敌人，为什么要祝福她，台湾没男人吗？中国没男人吗？她这么做完完全全就是看不上中国，她想成为日本人，南京大屠杀中杀害了我们千千万万同胞的日本人，一个赤裸裸的种族叛徒，还那么多人祝福她 
461,别找日本的好吗？ 
462,林志玲嫁日本人，我真瞧不起她，抗日十年，死了多少中国人，国耻呀，南京大屠杀我永远忘不了，几代人流血拼来的和平，她却嫁给日本人，中国找不到好男人吗…… 
463,回复@帅到自然醒__:滾远点，林志玲嫁日本人，我真瞧不起她，抗日十年，死了多少中国人，国耻呀，南京大屠杀我永远忘不了，几代人流血拼来的和平，她却嫁给日本人，中国找不到好男人吗？ 
464,回复@苏芒:林志玲嫁日本人，我真瞧不起她，抗日十年，死了多少中国人，国耻呀，南京大屠杀我永远忘不了，几代人流血拼来的和平，她却嫁给日本人，中国找不到好男人吗？ 
465,回复@柳岩:林志玲嫁日本人，我真瞧不起她，抗日十年，死了多少中国人，国耻呀，南京大屠杀我永远忘不了，几代人流血拼来的和平，她却嫁给日本人，中国找不到好男人…… 
466,回复@舒淇:林志玲嫁日本人，我真瞧不起她，抗日十年，死了多少中国人，国耻呀，南京大屠杀我永远忘不了，几代人流血拼来的和平，她却嫁给日本人，中国找不到好男人吗？ 
467,嫁给日本人真的会幸福吗 
468,为什么嫁给一个日本淫、那样真的会幸福吗？ 
469,口味真重 
470,回复@William_____li:坚决支持 
471,心痛 
472,嫁不出去了还是中国没男人了？看着好好别扭！赚了一辈子中国粉丝的面子，结果去服务日本人，毁三观啊！ 
473,你早晚得离婚 
474,日本人。。。。。 
475,呀？？？幸福 
476,其实，志玲姐姐以后会活得很累，每天要防着公公，弟弟，哥哥，邻居，老公的上司，同事，送水的工人，查水表的，修水管的，坐在家都怕突然会闯进好几个光头大汉，出行还不能坐电车。最重要的，是不能当老师了。 
477,黑泽志玲 ， 第一站南京其心何意  ！非我族类其心必异  ！滚！ 你若下海  ，我必到场！ 
478,找了个日本人！是吗？ 
479,希望早日看到黑泽志玲与波多野结衣合作的作品 
480,回复@Seeyo昕瑶:居然嫁了个倭寇 
481,嫁了个倭寇 
482,回复@诗意一身千寻瀑:林嫁了个倭寇 
483,回复@决堤怎么提:林志玲嫁个倭寇 
484,很有夫妻相 
485,回复@景川大叔:林志玲嫁了个倭寇 
486,恭喜志玲女神，一定要99哇 
487,回复@Ethan黃思潤:人家都结婚了，不干过怎么征服的了她😂 
488,祝福，玲姐姐，开开心心，身体健康 
489, 
490,回复@调戏虾米的鱼儿哦:愤青？这里麻烦您读完高中呢 
491,回复@zzx爸爸:滚 
492,回复@mini森屿麋鹿mini:软骨狗，慕洋犬！！！ 
493,回复@社长Angel7:从中也可以看出你是个慕洋犬，软骨狗 
494,请求封杀 
495,回复@社长Angel7:台湾同胞？嫁个一个日本人的台湾同胞 
496,嫁给日本人 呵呵 中国13亿都没有你相中的吗？ 
497,大姐你真行！ 
498,是民工团的！！！！在日本超火！！ 
499,因为你嫁给日本人！所以真的不想祝福你… 
500,好美！ 
501,我也要祝福 
502,没看到黄渤的祝福 
503,[xkl转圈] 
504,请你勿忘国耻 
505,刚才看了一遍金陵十三钗，哭的好难过，瞧不起她嫁给日本人，勿忘国耻 
506,期待出道 
507,该给你取个日本名字 
508,虚伪的明星 看到没有黄渤我就放心了 
509,回复@always85308:告诉你 你去帮她别告诉我们～没有们 
510,回复@社长Angel7:楼主说的几个字，和台湾有什么关系，攻击台湾了？？我看是你一叶障目！ 
511,回复@社长Angel7:啥玩意啊你，林志玲是台湾人怎么了，我看你也挺会道德绑架啊，楼主说台湾不好了吗？啥玩意 
512,你有病啊 
513,中国人那么多，杂就找个日本的，哎失望有！ 
514,99哦 
515,你都要结婚了，我们怎么办？ 
516,我是你的粉丝迷，请加我微信2207085777，QQ号码2207085777 
517, 
518,嫁哪里不好要嫁给日本？ 
519,嫁给日本的狗，讨厌你 
520,回复@舒淇:@魔厨-胡先生: 素人，黑泽志玲おぁすきぜづふ！ 
521,回复@季思晨啊:她嫁给日本人！！！她的娘家不是中国，中国没这样的人！国耻啊！！！！！ 
522,看那人样子不喜欢你和他一起，但是也要祝福你   祝福幸福快乐 一定快乐噢 
523,唉！看这么多评论就想说一句  别人喷管我屁事 “别人嫁人管你屁事” 
524,喜欢你很久了今天才知道你居然嫁给日本人，我恨死你了！ 
525,恭喜 
526,林志玲还称台湾第一美女我说实在的你真的不是台湾第一美女 
527, 
528,没毛病 
529,0为什么找个日本人?以后别来挣中国的钱了 
530,封杀掉此等亲日分子 
531,@Taneeeee_ @Iiiimwhere 
532,婚姻是女人的大事，不能随便，就是觉得不适合我的女神 
533,祝你们幸福 
534,亲，新加坡出租求租，请关注国大志愿者维护的出租平台@狮城租房 
535,女神完結篇 
536,之前不了解，圈粉 
537,中国没人了么，怎么会嫁给日本人 
538,忘记历史，就意味着背叛 
539,回复@smlz大嘴:关你屁事 
540,赞一个 
541,志玲一定要幸福啊 
542,嫁到日本拍AV吗？ 
543,讨厌日本人  讨厌日本人 
544,回复@黄晓明:黄晓明爬 
545,祝福祝福 
546,你怎么不去拍AV肯定很受欢迎 
547,谢谢你用简体字手写，感受的到你的尊重和用心！传递！ 
548,都觉得志玲姐姐会和言承旭走下去🍃 但爱情本来就不是一个人一直等，另一个人犹豫不觉就能长久的🍃 过去一年不到的经历 又疯狂🈳 也很刻骨铭心🈳 未来会如何发展我不知道㊙ 但我相信时间会给出答案㊗ 我也依旧相信爱情❤ 相信对的时间对的人❤ 
549,字好好看！！ 
550,买猫买狗找我 eyh000 
551,看这男的笑的多开心 
552,回复@一沐淸树:对的，他们疯了 
553,太君好 
554,回复@mini森屿麋鹿mini:我觉得这层楼的人都疯了 
555,你不应该嫁给日本人，太幼稚了 
556,一想到她被扛着大腿，  对方呦西呦西我就难受 
557,滚 
558,回复@小流苏呀mmc:滚 
559,哭 
560,回复@馬天宇:如果他们一起生活能超过十年，我把头割下来，立贴为证 
561,回复@舒淇:如果他们能一起生活超过十年，我把头割下来，立贴为证 
562,你会和你老公参拜靖国神社吗 
563,失望到极点，从此一拍两散 
564,我们其实不希望你嫁给日本人 
565,回复@烤奶半糖加珍珠-:牛逼了，黑泽志玲把那些对她不好的评论全部都删了果然是嫁出去的女儿泼出去的水 
566,祝福志玲姐姐 
567,回复@莫须有大先生:这是真是吗？ 
568,不喜欢日本人 
569,有国才有家，中国赚的钱给日本人花，对不起恕我不能支持你，勿忘国耻，爱我中华 
570,志玲美女的字很漂亮啊 
571,恭喜 
572,女神结婚了 
573,回复@吴越传说:那个年代的牺牲跟现在的日本普通民众有屁关系，日本人和中国人一样也有好坏之分好吧，我真不知道人品跟国籍有什么关系 
574,居然嫁给个狗日！刚看完抗日纪录片 
575,林志玲滚出中国，别再国内圈钱了 
576,回复@舒淇:新浪微博以霎时瘫痪㊗️志玲姐姐大喜，亿万网友以网页持续卡顿㊗️志玲姐姐大喜…微博爆了，志玲姐姐幸福啦～ 
577,祝福 
578,以后又有新的电影看咯 
579,回复@吃土喝风买碟:没有那个年代的牺牲，你连受精卵都不是，还能在这敲键盘？ 
580,回复@吴越传说:你脑子有坑吧，本土人只能跟本土本土人结婚?你回你的抗日年代吧，把屏幕搞得真脏 
581,你tm忘了日本之前怎么对中国的吗 
582,姐，你认真的吗？ 
583,回复@算命看相先生:友军 
584,期待黑泽老师的作品 
585,回复@舒淇:滚出中国 
586,回复@嗳and韩:恭喜🎈🎈🎈🎈🎈🎈 
587,希望你不要过两年又离婚 回来捞金 国际友人“黑泽小姐” 呵呵哒 
588,回复@否极泰来110空荡荡:呵呵 
589,可惜了 特意过来拉黑一下 再见 
590,以后分不清波多野结衣和志玲了，都在日本演艺圈了😂 
591,你不觉得我们的女神嫁给日本人有种说不出的感觉吗？嫁给那个国家的不好非要嫁给日本人 
592,娶不到波多野结衣，就娶了个长得和波多野结衣像的人。眼光不错她是粉色的哦没有毛的那种，熟女人妻！！！ 
593,回复@北京老大爷-媚:怎么啦？ 
594,回复@柳岩:柳姐姐，你是胸大无脑吗？一个叛国贼有什么好祝福的 
595,黑泽老师多久出作品啊 
596,干嘛非嫁给日本人，讨厌+_+* 
597,黑泽志玲 
598,林志玲终于找到了真爱。谁让我们中国男人不会玩SM.滴蜡，皮鞭 
599, 
600,回复@小萝卜的心:老哥稳 
601,， 
602,恭喜恭喜，早生贵子 
603,条件这么好 偏偏嫁给了日本人 可惜了  
604,回复@白杨爱伦:哟西大大的良民 
605,回复@_馬_小超:这就是你的理由？ 
606,这条微博赞这么多。。。 
607,❤️ 
608,为什么要嫁日本人 
609,国耻 
610,中国男人就是不行，不会玩SM，滴蜡，皮鞭，灌肠。祝福志凌找到了真爱 
611,回复@馬天宇:一下子就看到了你的评论我高兴哦 
612, 
613,回复@傻子与乞丐:她给中国做的什么贡献？带动中国GDP还是有什么重大发明，强国了利民了？沙雕 
614,嫁给言承旭不好吗？非嫁给一个日本人 
615,去年买了个表！ 
616,回复@黄晓明:评论戾气不要再重了？人家朋友之间的祝福，你们在这骂？毁三观！ 
617,恭喜 
618,男主角是GTO时期的男神 祝志玲姐姐，幸福快乐 
619,回复@社长Angel7:你们才是杠精吧，人家自己选择嫁到日本的，成为日本媳妇，她选择嫁到日本的那天就自愿成为日本人了，只不过是回中国挣点钱罢了。还维护什么，作为公众人物，真不应该这样 
620,快點，我要射了 
621,我想摸你的奶 
622,志玲姐姐什麼罩杯？ 
623,被黑澤良平干過嗎？ 
624,最讨厌日本人，中国的耻辱，垃圾，早点死 
625,回复@鄭元暢小綜:k 
626,这货不是被陈真打死的那个？ 
627,日本人 
628,勿忘国耻，爱我中华，你个辣几 
629,无语又失望的第一个月 
630,回复@wotzefa:6 
631,回复@椰子_糖yhy:你真特么是个杠精，1937年的事情到现在不过经历了82年相比你老爸你爷爷对于南京大屠杀还忘不了吧，你特么扯上铁木真，几千年的事你要不要来跟我探讨一下秦始皇灭6国的事。 
632,这是在背叛国家啊 
633,回复@社长Angel7:妹妹，你先把学上好吧。 
634,今天梦见你了 好开心  希望志玲姐姐永远幸福快乐  一定经常回来看看 因为 我们真的很想念你 真的很舍不得你 永远的女神 
635,黑泽志玲 
636,无知且无耻 
637,回复@明明就94200:哈哈哈哈哈哈那我说别人又关你什么事你 
638,OMG！！ 
639,AV既视感卧槽 
640,陈剑干得好 
641,我觉得我应该抵制林志玲，南京大屠杀的事你忘了吗？还嫁给一个日本人，还真不嫌丢人 
642,反正我以后肯定不会再用林志玲代言的东西了 
643,海，你滴****滴 
644,不知道中国抗日历史吗？还要嫁到日本去，以后不要来中国捞金 
645,我是真瞧不上你个日本女的 
646,回复@-旺旺碎彬彬:你大爷 
647,恭喜女神 不过也心疼一下微博程序员小哥哥好好的端午假期 眼看着要下班了 又要加班 
648,你真的幸福吗？虽然好喜欢你，可你嫁给黑泽还是有点担心。 
649,回复@舒淇:3级 
650,回复@舒淇:在日本玩住了，不要回来了，中国不欢迎你，🇯🇵 
651,我反对这门亲事 
652,祝福志玲姐姐，要幸福噢！ 
653,回复@姚晨:等日本子扛着枪来指着你吧 
654,回复@Dsg丶情尘-孤狼集团:那我对他的观点表示意见又关你屁事？有时间跟我浪费口舌不如早早回去给你🐴守丧 算了 我忘了你没妈 给你无中生妈属实不太好 
655,日本人好用呗，真是呵呵了 
656,日本人，呵呵 
657,回复@我也愿意欣然前行:那他表达自己观点又关你屁事？ 
658,为什么你这垃圾那么多人看你 看看抗日战争死了多少人 多少人失去父母 为什么死的不是你家人 
659,🌹 
660,恭喜 
661,回复@嗯呢纪宁:哈巴狗 
662,回复@发现美的结构:别这么说，别人想嫁就嫁呗，看得不爽不喷，屏蔽，不就行啦 
663,黄渤呢 
664,回复@舒淇:舒淇 
665,回复@雷叔叔D:请尊重您的素质 
666,既然改名了咋不顺便移民日本啊！别在大中国捞金了你出片子了可以买几部的哦 
667,还有我们也不是无缘无故喷她嫁日本就嫁吧改名是啥玩意真不嫌丢祖宗人 
668,... 
669,祝你幸福，再见 
670,这男的，是达到了人生巅峰 
671,哎 
672,祝福 
673,恭喜恭喜 
674,恭喜。。。。希望只接受祝福，其他的不必理会 
675,哎，还是希望你幸福！我还是不看好，话再多，最多的还是希望！爱这个事，任何人都没有权利说什么，我还是想说，等等看吧！ 
676,中国与日本不共戴天之仇 
677,回复@无谓的罂粟之花:人不可貌相 你老师没教你？ 
678,回复@慵慵囷:怎么捞钱了？ybb 
679,回复@万物顺奇:法律没有规定中国人不能嫁给日本人 
680,回复@-Misskapok-:合适不合适都雨女无瓜🙃 
681,回复@木木俊兮-:没有骂 我觉得你在人身攻击 
682,回复@竹韵兰风zhuyunlanfeng:没有法律规定林志玲不能嫁给日本人 
683,哇~姐姐要幸福哦 
684,评论说不要嫁给日本人的是些憨批吗 
685,回复@木舟先森:h哈哈哈哈哈😄 
686,和民族大恨的人结婚，应该被革除中国国籍。 
687,这是关于民族的事情。 
688,是不是中国人？ 
689,麻烦多看看历史。 
690,日本战败后想办法逃脱，洗脱罪责。 
691,日本战败投降以后敢做不敢认。 
692,我不是黑某个人，我只是只仇日。 
693,看到那么多人骂你我就踏实了 
694,志林姐姐写的是简体字呀，真的用心 
695,回复@Jin_bo_shi:几个菜呀，喝成这样 
696,八格牙路 
697,字写得很漂亮 
698,志玲野结衣，护士，电车，丝袜，乱伦，，车震 
699,你是忘了日本人对我们做过的哪些事了？ 
700,回复@虚伪的猫猫0:嗯嗯。 
701,便宜日本人，都不给中国人， 
702,希望以后你生是日本人死是日本魂从此不再是中国人也不要来我们张家界大湖南不然我见一次打一次让你懂什么叫国耻 
703,回复@流水线:可以啊我们湖南人没在怕OK 
704,回复@以后超人不会飞:她也忘记了当年黄家驹怎么死的我现在觉得骂她都不配让我开口 
705,回复@以后超人不会飞:就是 
706,回复@青阁宗主:反正我们湖南人第一个不会支持她的作品已经不配做中国🇨🇳 人了 
707,回复@斯勒屠:就是 
708,回复@对没错我在等你:圆明园反正不是她烧的她不懂的 
709,回复@允諾4135:说的对必须封杀他不然日本有钱了会和我们睁钓鱼岛 
710,回复@William_____li:代表湖南人支持你 
711,我代表我们湖南人希望你嫁出去了就永远也别给我回来 
712,中国男人死完了你要嫁去日本🇯🇵 对不起毛主席对不起我们湖南人你已经不配拥有中国人这三个字了你让我们湖南人太失望了滚吧！受欺负了也别回来 
713,以后请别说自己是中国人以后你就是日本人 
714,回复@社长Angel7:像她这种忘记国耻的人让她滚怎么了还嫁去日本🇯🇵 对的起我们湖南人对的起我们伟大的毛主席吗？在她选择嫁去日本就已经不是我们中国人她忘记了我们湖南人可记着 
715,回复@社长Angel7:那我就想问了你学过历史吗？日本人是人吗？当年毛主席努力多久中国才有了今天？历史学哪里去了她我就我就想问我代表湖南人民让她滚怎么滴你不服咋滴 
716,对不配做中国人勿忘国耻都不懂吗？没学过历史可能 
717, 
718,回复@决堤怎么提:神经病 
719,钢丝球警告 
720,黑泽志玲 
721,可能是男生的技术征服了志玲姐姐 
722,回复@明明就94200:素质低下也叫人性了，叔叔，我劝你回去读书吧？ 
723,恭喜黑..... 
724,啊啊啊啊啊啊啊啊啊啊啊啊啊 
725,回复@舒淇:还不如言承旭了 
726,[帅] 
727,想说很多，但都苍白，执子之手，与子偕老，琴瑟在御，莫不静好。祝幸福快乐 
728,回复@是Double-T:牛逼了，黑泽志玲把那些对她不好的评论全部都删了果然是嫁出去的女儿泼出去的水 
729,回复@雷小锋啊:反对有效 
730,回复@越丣:我也是 
731,回复@王可贵:可能回去 
732,回复@明明就94200:毛主席能把资治通鉴背下来你行吗？哪来的这么大脸自比毛主席 
733,嫁鸡随鸡 嫁狗随狗！ 
734,祝福祝福 
735,Reply @明明就94200:那你真是可悲 
736,回复@wotzefa:牛逼了，黑泽志玲把那些对她不好的评论全部都删了果然是嫁出去的女儿泼出去的水 
737,回复@刀之诗:你这是在侮辱她？你这是在侮辱没文化的人？不，你在侮辱以前抗日英雄们，你在侮辱毛主席，他们都没念过高中好吗？ 
738,回复@Huaaaaaayyq:她比你有人性 
739,回复@乳白黏稠姬:谢谢你告诉我还可以举报，已举报你了，请认清自己的立场，记恨日本人我能理解，你的出发点就是欠骂！ 
740,回复@傻子与乞丐:人家骂她关你屁事？人家好歹也是记恨日本人，您呢？视日本人为己出？？？铁憨憨！ 
741,回复@星沉Starsink:别人骂她又关你屁事？ 
742,回复@妳杀了她对吗:看看赞她的人，她不是一个人在战斗，你可能理解不了 
743,回复@社长Angel7:你看看赞他的多还是赞你的多，难道绝大多数都没素质？其实不然，嫁给别人我相信一万个人里也找不到一个喷她的，能理解吗？ 
744,回复@偶吧bin 的表态:牛逼了，黑泽志玲把那些对她不好的评论全部都删了果然是嫁出去的女儿泼出去的水 
745,回复@pygmalion-X: 
746,幸福个鸡腿🐔 
747,回复@舒淇:幸福个鸡腿🐔 
748,这回行了  日本的高科技厉害  多备点电池 
749,微博位置已经成为你的娘家了。 
750,他天天跟你说日语，你不难受吗？ 
751,不喜欢日本人，不喜欢他。 
752,网络崩溃，祝福 
753,祝福祝福， 
754,在中国在多做几次慈善吧 
755,好配啊 
756,大腳志玲．為什麼 
757, 
758, 
759,你是真的快乐？ 
760,回复@425平常心:你的头像真打脸 
761,她又不是中国人 大家别急 别骂 她是台湾的 国家都不反对日本人来中国 我们激动什么 
762,回复@粟味子52001:你真牛逼 日本人那时候强奸杀人 将孕妇开肠破肚 说不定你祖先都被他们玩过 别怪我说话难听 这叫道德绑架 你怎么想的 就算不杀他们但也不能原谅 
763,回复@不知道取什么昵称-:下面的人真的很奇怪，人家结婚是有人家的理由的管你们屁事啊！人家看得上你？一天酸些什么呀？日本人怎么了？日本人也比你们这些虚伪的碍国者要好的多！ 
764,换日本户口了，祝你晚上玩得嗨就好 
765,醉了，嫁日本人，它们可以友好，但这一嫁你就是地地道道日本人，后代都是。 
766,祝福姐姐 
767,希望林志玲下次拍可以邀请波多野结衣吗？这样票房肯定好。 
768,病急乱投医 
769,请问会改姓么？ 
770,回复@一条不想转弯的蛇:凭啥你说蹭热度就是蹭热度 
771,回复@只剩下Music:有什么可骂的呢 
772,七七事变你忘记了吗 
773,？？？ 
774,终于嫁出去了，祝你幸福永久 
775,送b玲 
776,吔屎啦，梁非凡。 
777, 
778,回复@夏殇的水寒:自己去想 
779,拜 
780,回复@李治廷:喜欢你和志玲姐姐🌹🌹也是意难平 
781,这张图片像极了波多野结衣 
782,林志玲，怎么还不离婚 
783,回复@雷叔叔D:我同意 
784,回复@姚晨:xu' wang guo chi 
785,这个玩笑一点也不好笑！ 
786,真狗可，国民女神嫁给日本人 
787,对啊对啊，嫁谁我也决对不嫁日本 
788,日本人？ 
789,我  我    就是看热闹的，人生曲曲百年内，看看热闹开开心 
790,回复@柳岩:感动你妹！嫁给破日本人还感动？你特么还是湖南人吗？ 
791,勿忘国耻，但是为什么偏偏是日本人，与身俱来的偏见，真没办法祝福 
792,你怎么不滚出去的 
793,回复@黄晓明:评论里的人都吃撑了？？？？？？ 
794, 
795,啥时候出av啊，期待 
796,像极了av 
797,我要换女神了 
798,原来志林姐姐喜欢日本人的套路，看不出来你这么闷骚 
799,回复@决堤怎么提:支持 
800,回复@鄭元暢小綜:他结婚了还开心 
801,黑泽老师期待你的av 
802,回复@社长Angel7:你可闭嘴吧，都嫁给日本了。你觉得她不改国籍？有点脑子好不好？？？ 
803,黑泽志玲，期待你的新作品 
804,日本男人好玩吗？？？？？？？？？？？？？？？？？？？？？？？？？？？？？？？？？？？？？？？？？？？？？？？？？？？？？？？？？？？？？？？？？ 
805,心碎的感觉 
806,看下南京 南京   也许里面就有你以前的公公 
807,林老师好 
808,AV即视感 
809,真担心你以后的生活，不但要防你公公，防你小叔子，防你隔壁邻居，还要防修水管的，修空调的，送水的 
810,回复@社长Angel7:说 林志玲给了你多少钱 我给双倍 
811,叛徒 
812,黑泽志玲 
813,嫁日本人， 
814,日本娘们 
815,回复@宋扬上下心:建议改国籍去日本吧哦对了人家还不知道要你不要，吃着中国粮说着败坏中国的话，你什么素质，袁老让你吃的太饱了，中国的土地让你睡的太舒服了，吃饱了穿暖了，开始嫌弃了。 
816, 
817,勿忘国耻 
818,回复@社长Angel7:同你个鬼同胞 
819,回复@社长Angel7:厉害了人家现在不是日本人吗？ 
820,中国再无林志玲!滚! 
821,滚出中国! 
822,你真幸运，但我很嫉妒 
823,回复@黄晓明:一个个断章取义的键盘侠，哪个字说是接晓明baby婚礼的捧花了？！就会在别人背后诋毁。。 
824,恭喜 
825,为什么要跟日本人结婚？中国有那么多帅哥？ 
826,言承旭咋办 
827,恭喜🎉 
828,不明白为什么要走出国门，中国挺好 
829,别来中国赚钱 
830,祝志玲姐姐，家庭幸福 
831,祝福 
832,回复@黄晓明:键盘侠太多了！哎，我们国家竟然还有这种素质的人！人家祝福一下怎么了？大惊小怪的真是够了！ 
833,回复@发现美的结构:不要大惊小怪的，每个人都有选择的权利，难道嫁给日本人就关系到“爱国”的问题了？都什么社会了，有点素质！ 
834,回复@LYB楠哥:日本人都是坏的吗？  虽说勿忘国耻，但是每个人都有选择的权利，现在都什么社会了，有点素质！ 
835,回复@巴菲特99999:太大惊小怪了吧 
836,鞭尸了 
837,聪明一世糊涂一时啊 
838,回复@舒淇:恭喜个屁，真不懂你们这些戏子 
839,回复@柳岩:真不懂你们这些戏子 
840,回复@Tu兔Babe:至少是敢做敢当的键盘侠，邻居吵直接敲门问。 
841,回复@Tu兔Babe:那也是敢做敢说的键盘侠。 
842,答应我，嘴巴只用来吃饭和说话 
843,这男的长的一脸猥琐😞 
844,回复@小裁缝马文文:高级黑 
845,林志玲的处被一个日本人给破了，真气 
846,以后林志玲休想在中国混了，一个日本人 
847,但是，言承旭怎么办？ 
848,我这里附近的火锅店门口有个超大招牌，说是你结婚了，嫁给了日本人，老板伤心欲绝，，，特价全场5.8折。 
849,毛爷爷都要被你气活过来 
850,黑泽志玲 
851,呵呵  日本人 
852,志玲姐姐，祝你们幸福！ 
853,日本人？呵呵呵…… 
854,回复@KoGrady-Shortstop:别人改名叫黑泽志玲了，有啥稀罕的终究是日本人骑得狗而已 
855,回复@香耳聆听:是鬼冢老师？ 
856,回复@社长Angel7:太君好 
857,黑泽志玲 
858,也许只有日本人才不嫌弃洞宽吧 
859,回复@四川余老倌:滚 
860,。。。 
861,回复@决堤怎么提:我觉得不管怎样，日本人都不能嫁，国仇不能忘，虽然说国仇与现在的子女无关 
862,回复@曾舜晞Joseph:捞一下 
863,国情难挡真爱，现实若古如今，人心难测，愿久结因果！ 
864,回复@决堤怎么提:同上+1 
865,中国人嫁日本人。 真长脸了 
866,回复@9102年大龄少女被催婚:喜欢你妈 
867,回复@我也愿意欣然前行:那关你屁事？多看历史，像你们这种忘记国家仇恨的人，死去吧，活着没意义 
868,图片评论 ¡评论配图 
869,女神祝你幸福 
870,日本人，口活堪比狗喝水，指法灵魂似魔鬼 
871,勿忘国耻 
872,回复@俊熙家二姐:你真该活在中国被侵略的时代，希望勿忘国耻。 
873,回复@Jin_bo_shi:哈哈哈哈哈 
874,祝福 
875,回复@mini森屿麋鹿mini:对 日本人的屎都是香的 你去吃啊 
876,回复@社长Angel7:狗 狗 
877,回复@小萝卜的心:友军 
878,嫁谁不好嫁日本人 你把国耻抛之脑后了？ 
879,he tui 
880,坐等离婚 
881,性福哦 大家都懂的，祝福 
882,中国人不嫁嫁日本人……无语， 
883,LB 
884,回复@画梦飞翔:有病？ 
885,回复@宋扬上下心:你这是跪下了就起不来了？ 
886,呵呵 
887,回复@舒淇:滚到日本就别回来圈我们中国人的钱了。 
888,数祖忘典 
889,好白菜让日本人给拱了 
890,啊啊啊啊啊啊！！！ 
891,黑鲍志玲？ 
892,回复@社长Angel7:你是铁键盘？ 
893,回复@决堤怎么提:漂亮 
894,回复@都市丽人时尚内衣:你们找错代言人了，还不快换 
895,出生在台湾，挣钱在大陆，服务在日本。 
896,回复@洪世贤:你好骚啊 
897,黑泽志玲？？ 
898,别忘了你是中国人 
899,中国第一美女被狗日了可惜了 
900,回复@·-_-·:一个戏子。。。还见证历史 
901,日本人！ 
902,回复@不散场的电影zjy:自己出言不逊在先反倒还跟我杠起来了，是我求着跟你说话了？自己跑过来逮着我就咬，还说我小学生，您怕不是还在娘胎里被脐带勒住脑袋了吧 
903,素人，黑泽志玲おぁすきぜづふ！ 
904,今年好多男神女神结婚，胡歌你啥时结婚？@胡歌 
905,居然跟日本人结婚，忘记了国耻！ 
906,☺ ☺ 
907,林智伶 
908,白瞎了！以后骂的话误伤勿怪 
909,回复@mini森屿麋鹿mini:万人骑 
910,回复@我也愿意欣然前行:你是小学生？ 
911,真是猝不及防 
912,祝你们幸福 
913,你怎么嫁给日本人咯 
914,回复@洪世贤:. 
915,女神，愿你幸福安好 
916,白白 
917,回复@洪世贤:恭喜 
918,期待志玲姐姐的AV作品 
919,回复@黄晓明:跟你有什么关系 
920,我的天呐祝福 
921,老铁门，继续啊。把她赶出中国🇨🇳 
922, 
923,波多林志玲  败家娘们儿 
924,回想918 
925,回复@决堤怎么提:我祝你以后结婚也被全网黑，祝你孤独终老，你没有限制别人的权力！ 
926,回复@发现美的结构:？？？？？ 
927,祝福。。。。。。。。。。。。。。。。。。。。。。。。。。。。。。。。。 
928,回复@LMJ错过便是终生:拜托，你都out，人家都否认了改名，你还执着于这个，真的是消息有点落后，几天没上网了哈哈哈哈哈 
929,回复@社长Angel7:是不是中国人？ 
930,不开森 
931,回复@Jin_bo_shi:是的 
932,回复@不吃肉不舒服斯ji:某湾被某本国占了五十年，懂吧 
933,回复@风一样的我说1711:台湾被某本国占了五十年，懂吧 
934,回复@傻子与乞丐:你又怎么知道别人没做贡献，洗你吗呢 
935,回复@mini森屿麋鹿mini:华仔说过艺术家有国界，何况都改名了，还洗呢 
936,回复@社长Angel7:人家都改名了，以后不再大陆发展了，还洗呢，最好把国籍也改了，滚出中国吧 
937,本来今年等A股涨到3300点就娶你的，没想到这么突然！ 
938,回复@麦记炸薯条专员:真相了朋友… 
939,姐姐要99哦 
940,这也行？为啥都改姓了你们还要叫她林志玲？本是抱有祝福心态，可当知道你居然连自己姓都改了，很是优秀，以后想回来可就难了。黑泽志玲？ 
941,祝福 
942,回复@Rum4784:等你长大他都老了 
943,有一部电影叫《金陵十三钗》 
944,黑泽老师好 
945,回复@馬天宇:黑泽老师好美 
946,回复@舒淇:我也爱黑泽老师 
947,回复@一条不想转弯的蛇:和你有关系，你在这bb叨 
948,回复@决堤怎么提:想看她的作品 
949,回复@焦传洋:关你屁事？ 
950,回复@柳岩:假比玩意 
951,回复@舒淇:淇 你说小玲她会好很久吗 
952,小玲 我跟你讲 你赌过分了  望好 不好即归家 
953,回复@-清时:期待黑泽志玲的作品 
954,回复@纯纯纯纯纯纯子_:如果人人都像这样那中国可以不攻自破了 
955,？？？ 
956,回复@寸镜:我们只有送他们去见前辈 
957,回复@决堤怎么提:期待新作品上映 
958,回复@Tu兔Babe:我骂过邻居了 
959,嫁给日本人？为什么？ 
960,这应该就是胸大无脑的典型吧 
961,回复@hunnnaaaa_:哎是的 咱中国人口素质有待提高。 
962,日本人 
963,既然你们祝福志玲姐姐了，那我祝福她老公不举 
964,回复@李纸园:对历史的 
965,巴嘎，亚麻带， 
966,？？？ 
967,幸福快乐 
968,回复@RR那么可爱:你多宽广啊，你是大海啊 
969,可以哦！你到时也来啊！ 
970,黑泽志玲，日本人是什么人迟早被那啥了 
971,女神， 
972,???? 
973,不    👏👦😥😥😥 
974,恭喜恭喜 
975,回复@诗意一身千寻瀑:没意思了， 
976,解放台湾岛 活捉林志玲！！ 
977,以后可是要性福的 
978,牛逼，怀孕了 
979,这女人老了还嫁日本 
980,回复@嘉桦ella:捞捞解接。 
981,志林小妹，是不是最近拍戏眼睛迷沙了 
982,0 
983,说一句很真实的话，娱乐圈里，我感觉不到一年会离婚 
984,爱情没有国界，可是作为一个全民女神你这样让中国乃至海峡两岸同胞怎么想 
985,曾经的女神落入到日本男人之手了 
986,希望以后能在电脑上看到你和波多野结衣老湿同床竞技，加油，你是最棒的！ 
987,图片评论 ¡评论配图 
988,回复@舒淇:图片评论 ¡评论配图 
989,回复@舒淇:a lo 
990,祝你幸福，假如不幸福请回到祖国的怀抱。。 
991,为什么要嫁给日本人@林志玲 
992,回复@乔杉·:98的都这样了  198的不得起飞了 
993,回复@李治廷:你拽啥英语？？ 
994,回复@不散场的电影zjy:我说话关你屁事？ 
995,呀麻碟 
996,女郎，希望快点在网站上见到你，纸巾也准备完毕 
997,啊？ 
998,我今天要表白了！ 
999,你结婚竟然没有上热搜 
1000,为什么要送日本人弄 
1001,回复@姚晨:送给你们，金陵十三钗电影 
1002,祝你以后的日本片大火 
1003,我们强烈要求，中国网络封杀你，你去过你的幸福去吧，我们实在是无法忍受日本人，过去也好，现在也好，以后也好，我们却对一直永远痛恨日本人，你找个日本老公 
1004,回复@我也愿意欣然前行:人家说话关你屁事 
1005,祝你性福一辈子！！！！ 
1006,慢走，不送！佳人嫁给日本人，此生再无林志玲 
1007,回复@舒淇:快生个孩子吧 
1008,最新日本MV马上出新的了，大家记得关注 
1009,回复@1988年的老街:想去的人是你吧 
1010,回复@舒淇:你是个公众人物你的一言一行都有万千人关注毕竟是他们养了你一个供你吃穿养你人他的祖辈们却被一群禽兽杀死，你现在还要跟一个禽兽在一起，你对得起养你的人吗你现在又是是么东西。我希望这些公众人物勿辜负他们粉丝对他们的喜爱和头顶的光环同意的请留言点赞不同意，滚!@林志玲 
1011,真奇葩，真是什么人都有，别看她是个明星 
1012,回复@洪世贤:我还以为你是洪世贤 
1013,回复@小小幸运耶:你可省省心，这哥出名的很，在日本可能没人不知道 
1014,回复@你可知道啊吗:你可知道吗男优本意是男演员的意思，不过人家哥唱歌也好的很应该属于全能型偶像吧 
1015,回复@活的201906:低俗就很有趣是吧，滚吧 
1016,期待黑泽志林的新片A，感谢给国人谋福 
1017,回复@SAturady:你妹！这tm是国民度超高的公众人物啊！ 真tm丢脸！ 
1018,回复@舒淇:女神，长点心吧！她嫁给了..... 
1019,回复@青岛有限公司:其实你这种人才是不配做中国人的 
1020,回复@谋道誉:你真是，脑子有问题吧，会不会说话 
1021,n 
1022,这个男的好臭 
1023,回复@焦传洋:以后不要来我们中国大陆捞金了，黑泽太太 
1024,回复@Matcha-甜小姐:呵呵！曾经南京的大屠杀，现在日本主动到中国南海搞事！他们是好心？日本全国都不会忘记历史？你们就忘记？悲哀 
1025,回复@管它呢007:国家能明这叫？不动脑子呀！ 
1026,你 
1027,姐姐，挺你 
1028,爽了 
1029,回复@嘉桦ella:upupupup 
1030,怎么看这男的面相都挺可怕的，想起来很多侵华剧丧心病狂的镜头。 
1031,怎么看这男的面相都挺可怕的，想起来很多侵华剧丧心病狂的镜头。 
1032, 
1033,祝你幸福 
1034,希望日本男人真的能珍惜我们的女神…… 
1035,回复@社长Angel7:那你能原谅日本吗？ 
1036,回复@决堤怎么提:你们是沙雕吧？管天管地还管人家结婚，求求你们做个人吧，日剧韩剧你们少看了吗？外国货你们少买了吗？在这里谈爱国给谁看呢？中国真的不需要你们这样无脑子的愤青，一天天谈爱国也不知道给谁看呢，少给中国摸黑了好吗？真的求求你们做个人吧 
1037,回复@荒古遗精宝典-宝哥:她就是日本以前留下来的种    永远不要回我们中国 
1038,中国这么多人不嫁   嫁给日本人   犯贱啊！  勿忘国耻爱我中华 
1039,我姥爷曾经是一名抗日战士，但是战后他甚至送两个孩子去日本留学，希望他们能为中日友好做贡献。有这样的长辈我真的三生有幸，也感到惭愧.....所以球球键盘侠看看人家的心量吧，还是说在您眼中他老人家还不如您爱国呢? 
1040,祝福志玲姐姐 
1041,恭喜你去当AV了 
1042,才想起来还没祝贺你，恭喜恭喜，你的缘分终于来了，亲爱的志玲。 
1043,[花心] 
1044,现在特别特别讨厌你，没油头的讨厌你(︶︹︺)！ 
1045,回复@__Heknow:你是zz?你那看出来我跟营销号有关?脑子洗白点再跟你bab说话，shao 
1046,幸福美满到永远 
1047,这日本人面相龌蹉 
1048,回复@洪世贤:你怎么混在这里面了 
1049,你们能坚持多久 
1050,坐等你们离婚 
1051,真是给台湾人树立了个好榜样，这下台 独和亲日分子肯定更猖獗了~ 
1052,回复@新浪娱乐:新浪网:日本帝国万岁。黑泽志玲为国人做出了非常好的榜样，黑泽志玲非常为国争光。新浪:日本帝国万岁 
1053,回复@张庭:你个外来人也来找骂？张婷:日本帝国万岁 
1054,回复@乔杉·:希望你家人女儿都能加到日本   为国挣脸了。你就以黑泽志玲为榜样吧。乔杉:日本帝国万岁 
1055,回复@沉举:辉叔不她老公好看 
1056,回复@决堤怎么提:在中国赚了这么多钱，洗了这么多血，最后拍拍屁股和日本人滚了 
1057,黑叼梁平 
1058,回复@亲斤氵良视频:这么多评论  她看不见 
1059,祝福！ 
1060,回复@洪世贤:h哈哈哈 
